Workbook

Sheet Summary
A2: SDN302 Lab01 - Grades
A3: Source review and isolated handler checks. Live MongoDB data/import not verified.
A5: Student ID | B5: Student name (submission) | C5: Score / 10 | D5: Main feedback
A6: DE190260 | B6: Kien Tran Ngoc Trung | C6: ='DE190260'!C19 -> 10 | D6: All rubric features are present in the source.
A7: SE170502 | B7: Long Le Ngoc | C7: ='SE170502'!C19 -> 9.5 | D7: Product create/update ignore isActive.
A8: SE180035 | B8: Truong Hoang Dan | C8: ='SE180035'!C19 -> 10 | D8: All rubric features are present in the source.
A9: SE180644 | B9: Quan Tran Minh | C9: ='SE180644'!C19 -> 10 | D9: All rubric features are present in the source.
A10: SE181598 | B10: Cuong Nguyen Manh | C10: ='SE181598'!C19 -> 10 | D10: All rubric features are present in the source.
A11: SE181813 | B11: Hieu Nguyen Trung | C11: ='SE181813'!C19 -> 1.75 | D11: Missing model import and incorrect route handlers prevent loading; product endpoints are absent.
A12: SE181964 | B12: Phat Vo Le Duc | C12: ='SE181964'!C19 -> 9.75 | D12: Package name must be the student ID.
A13: SE182136 | B13: An Tran Thien | C13: ='SE182136'!C19 -> 8 | D13: Missing virtual population and supplier-name population; no default pagination limit.
A14: SE182306 | B14: Tin Tran Xuan | C14: ='SE182306'!C19 -> 9.75 | D14: Package name must be the student ID alone.
A15: SE182374 | B15: Dat Phan Thanh | C15: ='SE182374'!C19 -> 10 | D15: All rubric features are present in the source.
A16: SE183061 | B16: Vo Thanh Tan (K18 HCM) | C16: ='SE183061'!C19 -> 3 | D16: Missing supplier details, virtual population, most product operations, filters and pagination.
A17: SE183175 | B17: Bach Nguyen Phan Huy | C17: ='SE183175'!C19 -> 10 | D17: All rubric features are present in the source.
A18: SE184045 | B18: Quan Nguyen Anh | C18: ='SE184045'!C19 -> 6.75 | D18: Product router is not mounted. Package name belongs to a different student ID.
A19: SE184158 | B19: Hoang Dao Huy | C19: ='SE184158'!C19 -> 10 | D19: All rubric features are present in the source.
A20: SE184327 | B20: Quang Le Nhat | C20: ='SE184327'!C19 -> 10 | D20: All rubric features are present in the source.
A21: SE184426 | B21: Huynh Tuan Hoang (K18 HCM) | C21: ='SE184426'!C19 -> 10 | D21: All rubric features are present in the source.
A22: SE190024 | B22: Tam Tran Binh | C22: ='SE190024'!C19 -> 10 | D22: All rubric features are present in the source.
A23: SE190668 | B23: Anh Vo Tran The | C23: ='SE190668'!C19 -> 9 | D23: No Generator scaffold; wrong project name; product deletion missing. Verify collection names.
A24: SE190703 | B24: Gam Tran Thi Hong | C24: ='SE190703'!C19 -> 9 | D24: Supplier email and product stock/isActive are omitted from schemas.
A25: SE192211 | B25: Khoa Pham Dang | C25: ='SE192211'!C19 -> 9.5 | D25: Supplier schema omits email, affecting creation and updates.
A26: SE192324 | B26: Anh Nguyen Chau Nhat | C26: ='SE192324'!C19 -> 7 | D26: Missing price/tags/search/sort; supplier email/phone and product stock/isActive are omitted.
A27: SE192966 | B27: Quang Trinh Nhat | C27: ='SE192966'!C19 -> 10 | D27: All rubric features are present in the source.
A28: SE193254 | B28: Thang Phan Van Ngoc | C28: ='SE193254'!C19 -> 9 | D28: No Generator scaffold; wrong project name; product deletion missing. Verify collection names.
A29: SE194171 | B29: Khai Nguyen Manh | C29: ='SE194171'!C19 -> 10 | D29: All rubric features are present in the source.
A30: SE194229 | B30: Sang Tran Minh | C30: ='SE194229'!C19 -> 5 | D30: Invalid supplier schema, incomplete route wiring, response/deletion bugs; product delete missing.
A31: SE194776 | B31: Anh Truong Ngoc Tuan | C31: ='SE194776'!C19 -> 9.75 | D31: Product creation omits required stock and ignores isActive.
A32: SE196211 | B32: Kha Thai Cong | C32: ='SE196211'!C19 -> 10 | D32: All rubric features are present in the source.
A33: SE196429 | B33: Trinh Dao Thi Ut | C33: ='SE196429'!C19 -> 9.75 | D33: Package name is lab1. Verify uppercase collection names and MONGO_URI setting.
A34: SE196600 | B34: Hung Le Tan | C34: ='SE196600'!C19 -> 8.5 | D34: Product create, update and delete are missing.
B36: Class average | C36: =AVERAGE(C6:C34) -> 8.7931034
B37: Submissions graded | C37: =COUNTA(A6:A34) -> 29
A39: Open a student-ID tab for the full table. Marking Notes explains partial credit and review limits.

Sheet DE190260
A2: DE190260 - Lab01 | D2: Kien Tran Ngoc Trung
A3: Source-based assessment. See Marking Notes for scope and partial-credit rules.
A5: Requirement | B5: Maximum | C5: Awarded | D5: Assessment
A6: Express Generator project | B6: 0.5 | C6: 0.5 | D6: Generator-style structure and matching student ID.
A7: Supplier CRUD operations | B7: 2.5 | C7: 2.5 | D7: All five supplier operations are implemented and wired.
A8: Supplier virtual population | B8: 1 | C8: 1 | D8: products virtual and population are implemented.
A9: Category filter | B9: 0.5 | C9: 0.5 | D9: Category filter is implemented.
A10: Minimum/maximum price filter | B10: 0.5 | C10: 0.5 | D10: Minimum and maximum price filters work together.
A11: Tags filter | B11: 0.5 | C11: 0.5 | D11: Tags filtering is implemented.
A12: Product-name search | B12: 0.5 | C12: 0.5 | D12: Case-insensitive product-name search is implemented.
A13: Sort by price | B13: 0.5 | C13: 0.5 | D13: Ascending and descending price sorting are implemented.
A14: Pagination; default limit 3 | B14: 1.5 | C14: 1.5 | D14: Page/limit pagination is implemented; default limit is 3.
A15: Product details with supplier name | B15: 0.5 | C15: 0.5 | D15: Product details populate the supplier name.
A16: Create product | B16: 0.5 | C16: 0.5 | D16: Product creation includes a supplier reference.
A17: Update product | B17: 0.5 | C17: 0.5 | D17: Product update by ID is implemented.
A18: Delete product | B18: 0.5 | C18: 0.5 | D18: Product deletion by ID is implemented.
A19: Total | B19: =SUM(B6:B18) -> 10 | C19: =SUM(C6:C18) -> 10
A21: Review notes | D21: Generator-style app/bin/www structure with matching project name. All rubric features are present.

Sheet SE170502
A2: SE170502 - Lab01 | D2: Long Le Ngoc
A3: Source-based assessment. See Marking Notes for scope and partial-credit rules.
A5: Requirement | B5: Maximum | C5: Awarded | D5: Assessment
A6: Express Generator project | B6: 0.5 | C6: 0.5 | D6: Generator-style structure and matching student ID.
A7: Supplier CRUD operations | B7: 2.5 | C7: 2.5 | D7: All five supplier operations are implemented and wired.
A8: Supplier virtual population | B8: 1 | C8: 1 | D8: products virtual and population are implemented.
A9: Category filter | B9: 0.5 | C9: 0.5 | D9: Category filter is implemented.
A10: Minimum/maximum price filter | B10: 0.5 | C10: 0.5 | D10: Minimum and maximum price filters work together.
A11: Tags filter | B11: 0.5 | C11: 0.5 | D11: Tags filtering is implemented.
A12: Product-name search | B12: 0.5 | C12: 0.5 | D12: Case-insensitive product-name search is implemented.
A13: Sort by price | B13: 0.5 | C13: 0.5 | D13: Ascending and descending price sorting are implemented.
A14: Pagination; default limit 3 | B14: 1.5 | C14: 1.5 | D14: Page/limit pagination is implemented; default limit is 3.
A15: Product details with supplier name | B15: 0.5 | C15: 0.5 | D15: Product details populate the supplier name.
A16: Create product | B16: 0.5 | C16: 0.25 | D16: Creates a product with supplier reference, but ignores submitted isActive.
A17: Update product | B17: 0.5 | C17: 0.25 | D17: Updates product fields, but ignores isActive changes.
A18: Delete product | B18: 0.5 | C18: 0.5 | D18: Product deletion by ID is implemented.
A19: Total | B19: =SUM(B6:B18) -> 10 | C19: =SUM(C6:C18) -> 9.5
A21: Review notes | D21: Supplier creation requires a client-supplied _id. Virtual population uses lean(), so toJSON virtuals are not needed.

Sheet SE180035
A2: SE180035 - Lab01 | D2: Truong Hoang Dan
A3: Source-based assessment. See Marking Notes for scope and partial-credit rules.
A5: Requirement | B5: Maximum | C5: Awarded | D5: Assessment
A6: Express Generator project | B6: 0.5 | C6: 0.5 | D6: Generator-style structure and matching student ID.
A7: Supplier CRUD operations | B7: 2.5 | C7: 2.5 | D7: All five supplier operations are implemented and wired.
A8: Supplier virtual population | B8: 1 | C8: 1 | D8: products virtual and population are implemented.
A9: Category filter | B9: 0.5 | C9: 0.5 | D9: Category filter is implemented.
A10: Minimum/maximum price filter | B10: 0.5 | C10: 0.5 | D10: Minimum and maximum price filters work together.
A11: Tags filter | B11: 0.5 | C11: 0.5 | D11: Tags filtering is implemented.
A12: Product-name search | B12: 0.5 | C12: 0.5 | D12: Case-insensitive product-name search is implemented.
A13: Sort by price | B13: 0.5 | C13: 0.5 | D13: Ascending and descending price sorting are implemented.
A14: Pagination; default limit 3 | B14: 1.5 | C14: 1.5 | D14: Page/limit pagination is implemented; default limit is 3.
A15: Product details with supplier name | B15: 0.5 | C15: 0.5 | D15: Product details populate the supplier name.
A16: Create product | B16: 0.5 | C16: 0.5 | D16: Product creation includes a supplier reference.
A17: Update product | B17: 0.5 | C17: 0.5 | D17: Product update by ID is implemented.
A18: Delete product | B18: 0.5 | C18: 0.5 | D18: Product deletion by ID is implemented.
A19: Total | B19: =SUM(B6:B18) -> 10 | C19: =SUM(C6:C18) -> 10
A21: Review notes | D21: All rubric features are present in the submitted source.

Sheet SE180644
A2: SE180644 - Lab01 | D2: Quan Tran Minh
A3: Source-based assessment. See Marking Notes for scope and partial-credit rules.
A5: Requirement | B5: Maximum | C5: Awarded | D5: Assessment
A6: Express Generator project | B6: 0.5 | C6: 0.5 | D6: Generator-style structure and matching student ID.
A7: Supplier CRUD operations | B7: 2.5 | C7: 2.5 | D7: All five supplier operations are implemented and wired.
A8: Supplier virtual population | B8: 1 | C8: 1 | D8: products virtual and population are implemented.
A9: Category filter | B9: 0.5 | C9: 0.5 | D9: Category filter is implemented.
A10: Minimum/maximum price filter | B10: 0.5 | C10: 0.5 | D10: Minimum and maximum price filters work together.
A11: Tags filter | B11: 0.5 | C11: 0.5 | D11: Tags filtering is implemented.
A12: Product-name search | B12: 0.5 | C12: 0.5 | D12: Case-insensitive product-name search is implemented.
A13: Sort by price | B13: 0.5 | C13: 0.5 | D13: Ascending and descending price sorting are implemented.
A14: Pagination; default limit 3 | B14: 1.5 | C14: 1.5 | D14: Page/limit pagination is implemented; default limit is 3.
A15: Product details with supplier name | B15: 0.5 | C15: 0.5 | D15: Product details populate the supplier name.
A16: Create product | B16: 0.5 | C16: 0.5 | D16: Product creation includes a supplier reference.
A17: Update product | B17: 0.5 | C17: 0.5 | D17: Product update by ID is implemented.
A18: Delete product | B18: 0.5 | C18: 0.5 | D18: Product deletion by ID is implemented.
A19: Total | B19: =SUM(B6:B18) -> 10 | C19: =SUM(C6:C18) -> 10
A21: Review notes | D21: Missing-record responses could be improved; the rubric does not allocate marks to this error handling.

Sheet SE181598
A2: SE181598 - Lab01 | D2: Cuong Nguyen Manh
A3: Source-based assessment. See Marking Notes for scope and partial-credit rules.
A5: Requirement | B5: Maximum | C5: Awarded | D5: Assessment
A6: Express Generator project | B6: 0.5 | C6: 0.5 | D6: Generator-style structure and matching student ID.
A7: Supplier CRUD operations | B7: 2.5 | C7: 2.5 | D7: All five supplier operations are implemented and wired.
A8: Supplier virtual population | B8: 1 | C8: 1 | D8: products virtual and population are implemented.
A9: Category filter | B9: 0.5 | C9: 0.5 | D9: Category filter is implemented.
A10: Minimum/maximum price filter | B10: 0.5 | C10: 0.5 | D10: Minimum and maximum price filters work together.
A11: Tags filter | B11: 0.5 | C11: 0.5 | D11: Tags filtering is implemented.
A12: Product-name search | B12: 0.5 | C12: 0.5 | D12: Case-insensitive product-name search is implemented.
A13: Sort by price | B13: 0.5 | C13: 0.5 | D13: Ascending and descending price sorting are implemented.
A14: Pagination; default limit 3 | B14: 1.5 | C14: 1.5 | D14: Page/limit pagination is implemented; default limit is 3.
A15: Product details with supplier name | B15: 0.5 | C15: 0.5 | D15: Product details populate the supplier name.
A16: Create product | B16: 0.5 | C16: 0.5 | D16: Product creation includes a supplier reference.
A17: Update product | B17: 0.5 | C17: 0.5 | D17: Product update by ID is implemented.
A18: Delete product | B18: 0.5 | C18: 0.5 | D18: Product deletion by ID is implemented.
A19: Total | B19: =SUM(B6:B18) -> 10 | C19: =SUM(C6:C18) -> 10
A21: Review notes | D21: Endpoints use /api/products and /api/suppliers. Search uses name; sort accepts price_asc/price_desc.

Sheet SE181813
A2: SE181813 - Lab01 | D2: Hieu Nguyen Trung
A3: Source-based assessment. See Marking Notes for scope and partial-credit rules.
A5: Requirement | B5: Maximum | C5: Awarded | D5: Assessment
A6: Express Generator project | B6: 0.5 | C6: 0.5 | D6: Generator-style structure and matching student ID.
A7: Supplier CRUD operations | B7: 2.5 | C7: 1.25 | D7: Five controller operations exist, but import ../models/supplier.model does not match suppliers.model.js. Write routes pass the controller object instead of functions; DELETE path is also malformed. Half credit for implemented logic.
A8: Supplier virtual population | B8: 1 | C8: 0 | D8: No virtual products definition or population.
A9: Category filter | B9: 0.5 | C9: 0 | D9: No product list endpoint.
A10: Minimum/maximum price filter | B10: 0.5 | C10: 0 | D10: No product price filtering.
A11: Tags filter | B11: 0.5 | C11: 0 | D11: No product tags filtering.
A12: Product-name search | B12: 0.5 | C12: 0 | D12: No product-name search.
A13: Sort by price | B13: 0.5 | C13: 0 | D13: No product price sorting.
A14: Pagination; default limit 3 | B14: 1.5 | C14: 0 | D14: No product pagination.
A15: Product details with supplier name | B15: 0.5 | C15: 0 | D15: No product details endpoint.
A16: Create product | B16: 0.5 | C16: 0 | D16: No product creation endpoint.
A17: Update product | B17: 0.5 | C17: 0 | D17: No product update endpoint.
A18: Delete product | B18: 0.5 | C18: 0 | D18: No product deletion endpoint.
A19: Total | B19: =SUM(B6:B18) -> 10 | C19: =SUM(C6:C18) -> 1.75
A21: Review notes | D21: Application cannot load as submitted due to the missing model import. Product model exists without product routes/controllers.

Sheet SE181964
A2: SE181964 - Lab01 | D2: Phat Vo Le Duc
A3: Source-based assessment. See Marking Notes for scope and partial-credit rules.
A5: Requirement | B5: Maximum | C5: Awarded | D5: Assessment
A6: Express Generator project | B6: 0.5 | C6: 0.25 | D6: Generator scaffold exists, but package name is lab1_sdn302 instead of se181964.
A7: Supplier CRUD operations | B7: 2.5 | C7: 2.5 | D7: All five supplier operations are implemented and wired.
A8: Supplier virtual population | B8: 1 | C8: 1 | D8: products virtual and population are implemented.
A9: Category filter | B9: 0.5 | C9: 0.5 | D9: Category filter is implemented.
A10: Minimum/maximum price filter | B10: 0.5 | C10: 0.5 | D10: Minimum and maximum price filters work together.
A11: Tags filter | B11: 0.5 | C11: 0.5 | D11: Tags filtering is implemented.
A12: Product-name search | B12: 0.5 | C12: 0.5 | D12: Case-insensitive product-name search is implemented.
A13: Sort by price | B13: 0.5 | C13: 0.5 | D13: Ascending and descending price sorting are implemented.
A14: Pagination; default limit 3 | B14: 1.5 | C14: 1.5 | D14: Page/limit pagination is implemented; default limit is 3.
A15: Product details with supplier name | B15: 0.5 | C15: 0.5 | D15: Product details populate the supplier name.
A16: Create product | B16: 0.5 | C16: 0.5 | D16: Product creation includes a supplier reference.
A17: Update product | B17: 0.5 | C17: 0.5 | D17: Product update by ID is implemented.
A18: Delete product | B18: 0.5 | C18: 0.5 | D18: Product deletion by ID is implemented.
A19: Total | B19: =SUM(B6:B18) -> 10 | C19: =SUM(C6:C18) -> 9.75
A21: Review notes | D21: All API rubric features are present. Project naming needs correction.

Sheet SE182136
A2: SE182136 - Lab01 | D2: An Tran Thien
A3: Source-based assessment. See Marking Notes for scope and partial-credit rules.
A5: Requirement | B5: Maximum | C5: Awarded | D5: Assessment
A6: Express Generator project | B6: 0.5 | C6: 0.5 | D6: Generator-style structure and matching student ID.
A7: Supplier CRUD operations | B7: 2.5 | C7: 2.5 | D7: All five supplier operations are implemented and wired.
A8: Supplier virtual population | B8: 1 | C8: 0 | D8: No virtual products definition or virtual population.
A9: Category filter | B9: 0.5 | C9: 0.5 | D9: Category filter is implemented.
A10: Minimum/maximum price filter | B10: 0.5 | C10: 0.5 | D10: Minimum and maximum price filters work together.
A11: Tags filter | B11: 0.5 | C11: 0.5 | D11: Tags filtering is implemented.
A12: Product-name search | B12: 0.5 | C12: 0.5 | D12: Case-insensitive product-name search is implemented.
A13: Sort by price | B13: 0.5 | C13: 0.5 | D13: Ascending and descending price sorting are implemented.
A14: Pagination; default limit 3 | B14: 1.5 | C14: 0.75 | D14: Explicit page/limit works. Default limit 3 is missing, and page alone is ignored.
A15: Product details with supplier name | B15: 0.5 | C15: 0.25 | D15: Finds product by ID but does not populate supplier name.
A16: Create product | B16: 0.5 | C16: 0.5 | D16: Product creation includes a supplier reference.
A17: Update product | B17: 0.5 | C17: 0.5 | D17: Product update by ID is implemented.
A18: Delete product | B18: 0.5 | C18: 0.5 | D18: Product deletion by ID is implemented.
A19: Total | B19: =SUM(B6:B18) -> 10 | C19: =SUM(C6:C18) -> 8
A21: Review notes | D21: The submission matches the previously assessed implementation; score remains 8.00/10.

Sheet SE182306
A2: SE182306 - Lab01 | D2: Tin Tran Xuan
A3: Source-based assessment. See Marking Notes for scope and partial-credit rules.
A5: Requirement | B5: Maximum | C5: Awarded | D5: Assessment
A6: Express Generator project | B6: 0.5 | C6: 0.25 | D6: Generator scaffold exists, but package name is lab-1-tran-xuan-tin-se182306 instead of the student ID alone.
A7: Supplier CRUD operations | B7: 2.5 | C7: 2.5 | D7: All five supplier operations are implemented and wired.
A8: Supplier virtual population | B8: 1 | C8: 1 | D8: products virtual and population are implemented.
A9: Category filter | B9: 0.5 | C9: 0.5 | D9: Category filter is implemented.
A10: Minimum/maximum price filter | B10: 0.5 | C10: 0.5 | D10: Minimum and maximum price filters work together.
A11: Tags filter | B11: 0.5 | C11: 0.5 | D11: Tags filtering is implemented.
A12: Product-name search | B12: 0.5 | C12: 0.5 | D12: Case-insensitive product-name search is implemented.
A13: Sort by price | B13: 0.5 | C13: 0.5 | D13: Ascending and descending price sorting are implemented.
A14: Pagination; default limit 3 | B14: 1.5 | C14: 1.5 | D14: Page/limit pagination is implemented; default limit is 3.
A15: Product details with supplier name | B15: 0.5 | C15: 0.5 | D15: Product details populate the supplier name.
A16: Create product | B16: 0.5 | C16: 0.5 | D16: Product creation includes a supplier reference.
A17: Update product | B17: 0.5 | C17: 0.5 | D17: Product update by ID is implemented.
A18: Delete product | B18: 0.5 | C18: 0.5 | D18: Product deletion by ID is implemented.
A19: Total | B19: =SUM(B6:B18) -> 10 | C19: =SUM(C6:C18) -> 9.75
A21: Review notes | D21: Endpoints use /api/products and /api/suppliers. Startup also invokes the included seed routine.

Sheet SE182374
A2: SE182374 - Lab01 | D2: Dat Phan Thanh
A3: Source-based assessment. See Marking Notes for scope and partial-credit rules.
A5: Requirement | B5: Maximum | C5: Awarded | D5: Assessment
A6: Express Generator project | B6: 0.5 | C6: 0.5 | D6: Generator-style structure and matching student ID.
A7: Supplier CRUD operations | B7: 2.5 | C7: 2.5 | D7: All five supplier operations are implemented and wired.
A8: Supplier virtual population | B8: 1 | C8: 1 | D8: products virtual and population are implemented.
A9: Category filter | B9: 0.5 | C9: 0.5 | D9: Category filter is implemented.
A10: Minimum/maximum price filter | B10: 0.5 | C10: 0.5 | D10: Minimum and maximum price filters work together.
A11: Tags filter | B11: 0.5 | C11: 0.5 | D11: Tags filtering is implemented.
A12: Product-name search | B12: 0.5 | C12: 0.5 | D12: Case-insensitive product-name search is implemented.
A13: Sort by price | B13: 0.5 | C13: 0.5 | D13: Ascending and descending price sorting are implemented.
A14: Pagination; default limit 3 | B14: 1.5 | C14: 1.5 | D14: Page/limit pagination is implemented; default limit is 3.
A15: Product details with supplier name | B15: 0.5 | C15: 0.5 | D15: Product details populate the supplier name.
A16: Create product | B16: 0.5 | C16: 0.5 | D16: Product creation includes a supplier reference.
A17: Update product | B17: 0.5 | C17: 0.5 | D17: Product update by ID is implemented.
A18: Delete product | B18: 0.5 | C18: 0.5 | D18: Product deletion by ID is implemented.
A19: Total | B19: =SUM(B6:B18) -> 10 | C19: =SUM(C6:C18) -> 10
A21: Review notes | D21: Supplier deletion rejects suppliers still referenced by products. Unreferenced suppliers can be deleted; this extra guard was not penalized.

Sheet SE183061
A2: SE183061 - Lab01 | D2: Vo Thanh Tan (K18 HCM)
A3: Source-based assessment. See Marking Notes for scope and partial-credit rules.
A5: Requirement | B5: Maximum | C5: Awarded | D5: Assessment
A6: Express Generator project | B6: 0.5 | C6: 0 | D6: Custom Express application; no Express Generator scaffold. Package name is lab1-se183061.
A7: Supplier CRUD operations | B7: 2.5 | C7: 2 | D7: List, create, update and delete implemented; supplier details by ID is missing.
A8: Supplier virtual population | B8: 1 | C8: 0 | D8: No products virtual or population.
A9: Category filter | B9: 0.5 | C9: 0 | D9: Category filter missing.
A10: Minimum/maximum price filter | B10: 0.5 | C10: 0 | D10: Price-range filter missing.
A11: Tags filter | B11: 0.5 | C11: 0 | D11: Tags filter missing.
A12: Product-name search | B12: 0.5 | C12: 0.5 | D12: Case-insensitive product-name search is implemented.
A13: Sort by price | B13: 0.5 | C13: 0.5 | D13: Ascending and descending price sorting are implemented.
A14: Pagination; default limit 3 | B14: 1.5 | C14: 0 | D14: No page/limit pagination.
A15: Product details with supplier name | B15: 0.5 | C15: 0 | D15: Product details endpoint missing.
A16: Create product | B16: 0.5 | C16: 0 | D16: Product creation endpoint missing.
A17: Update product | B17: 0.5 | C17: 0 | D17: Product update endpoint missing.
A18: Delete product | B18: 0.5 | C18: 0 | D18: Product deletion endpoint missing.
A19: Total | B19: =SUM(B6:B18) -> 10 | C19: =SUM(C6:C18) -> 3
A21: Review notes | D21: Uses MONGO_URI rather than MONGODB_URI and includes a hardcoded fallback connection string.

Sheet SE183175
A2: SE183175 - Lab01 | D2: Bach Nguyen Phan Huy
A3: Source-based assessment. See Marking Notes for scope and partial-credit rules.
A5: Requirement | B5: Maximum | C5: Awarded | D5: Assessment
A6: Express Generator project | B6: 0.5 | C6: 0.5 | D6: Generator-style structure and matching student ID.
A7: Supplier CRUD operations | B7: 2.5 | C7: 2.5 | D7: All five supplier operations are implemented and wired.
A8: Supplier virtual population | B8: 1 | C8: 1 | D8: products virtual and population are implemented.
A9: Category filter | B9: 0.5 | C9: 0.5 | D9: Category filter is implemented.
A10: Minimum/maximum price filter | B10: 0.5 | C10: 0.5 | D10: Minimum and maximum price filters work together.
A11: Tags filter | B11: 0.5 | C11: 0.5 | D11: Tags filtering is implemented.
A12: Product-name search | B12: 0.5 | C12: 0.5 | D12: Case-insensitive product-name search is implemented.
A13: Sort by price | B13: 0.5 | C13: 0.5 | D13: Ascending and descending price sorting are implemented.
A14: Pagination; default limit 3 | B14: 1.5 | C14: 1.5 | D14: Page/limit pagination is implemented; default limit is 3.
A15: Product details with supplier name | B15: 0.5 | C15: 0.5 | D15: Product details populate the supplier name.
A16: Create product | B16: 0.5 | C16: 0.5 | D16: Product creation includes a supplier reference.
A17: Update product | B17: 0.5 | C17: 0.5 | D17: Product update by ID is implemented.
A18: Delete product | B18: 0.5 | C18: 0.5 | D18: Product deletion by ID is implemented.
A19: Total | B19: =SUM(B6:B18) -> 10 | C19: =SUM(C6:C18) -> 10
A21: Review notes | D21: Tags filtering supports one tag value; multi-tag syntax is not specified by the rubric. Sorting uses sort.

Sheet SE184045
A2: SE184045 - Lab01 | D2: Quan Nguyen Anh
A3: Source-based assessment. See Marking Notes for scope and partial-credit rules.
A5: Requirement | B5: Maximum | C5: Awarded | D5: Assessment
A6: Express Generator project | B6: 0.5 | C6: 0.25 | D6: Generator scaffold exists, but package name is se196600 rather than se184045.
A7: Supplier CRUD operations | B7: 2.5 | C7: 2.5 | D7: All five supplier operations are implemented and wired.
A8: Supplier virtual population | B8: 1 | C8: 1 | D8: products virtual and population are implemented.
A9: Category filter | B9: 0.5 | C9: 0.25 | D9: Filter implemented in routes/products.js, but the product router is never mounted in app.js (half credit).
A10: Minimum/maximum price filter | B10: 0.5 | C10: 0.25 | D10: Price filters implemented, but the product router is never mounted (half credit).
A11: Tags filter | B11: 0.5 | C11: 0.25 | D11: Tags filter implemented, but the product router is never mounted (half credit).
A12: Product-name search | B12: 0.5 | C12: 0.25 | D12: Name search implemented, but the product router is never mounted (half credit).
A13: Sort by price | B13: 0.5 | C13: 0.25 | D13: Price sort implemented, but the product router is never mounted (half credit).
A14: Pagination; default limit 3 | B14: 1.5 | C14: 0.75 | D14: Pagination and default limit 3 implemented, but the product router is never mounted (half credit).
A15: Product details with supplier name | B15: 0.5 | C15: 0.25 | D15: Details and population implemented, but the product router is never mounted (half credit).
A16: Create product | B16: 0.5 | C16: 0.25 | D16: Creation implemented, but the product router is never mounted (half credit).
A17: Update product | B17: 0.5 | C17: 0.25 | D17: Update implemented, but the product router is never mounted (half credit).
A18: Delete product | B18: 0.5 | C18: 0.25 | D18: Deletion implemented, but the product router is never mounted (half credit).
A19: Total | B19: =SUM(B6:B18) -> 10 | C19: =SUM(C6:C18) -> 6.75
A21: Review notes | D21: app.js mounts /suppliers only. Add the products router mount to expose all product operations.

Sheet SE184158
A2: SE184158 - Lab01 | D2: Hoang Dao Huy
A3: Source-based assessment. See Marking Notes for scope and partial-credit rules.
A5: Requirement | B5: Maximum | C5: Awarded | D5: Assessment
A6: Express Generator project | B6: 0.5 | C6: 0.5 | D6: Generator-style structure and matching student ID.
A7: Supplier CRUD operations | B7: 2.5 | C7: 2.5 | D7: All five supplier operations are implemented and wired.
A8: Supplier virtual population | B8: 1 | C8: 1 | D8: products virtual and population are implemented.
A9: Category filter | B9: 0.5 | C9: 0.5 | D9: Category filter is implemented.
A10: Minimum/maximum price filter | B10: 0.5 | C10: 0.5 | D10: Minimum and maximum price filters work together.
A11: Tags filter | B11: 0.5 | C11: 0.5 | D11: Tags filtering is implemented.
A12: Product-name search | B12: 0.5 | C12: 0.5 | D12: Case-insensitive product-name search is implemented.
A13: Sort by price | B13: 0.5 | C13: 0.5 | D13: Ascending and descending price sorting are implemented.
A14: Pagination; default limit 3 | B14: 1.5 | C14: 1.5 | D14: Page/limit pagination is implemented; default limit is 3.
A15: Product details with supplier name | B15: 0.5 | C15: 0.5 | D15: Product details populate the supplier name.
A16: Create product | B16: 0.5 | C16: 0.5 | D16: Product creation includes a supplier reference.
A17: Update product | B17: 0.5 | C17: 0.5 | D17: Product update by ID is implemented.
A18: Delete product | B18: 0.5 | C18: 0.5 | D18: Product deletion by ID is implemented.
A19: Total | B19: =SUM(B6:B18) -> 10 | C19: =SUM(C6:C18) -> 10
A21: Review notes | D21: Search parameter is name; price sorting parameter is sort.

Sheet SE184327
A2: SE184327 - Lab01 | D2: Quang Le Nhat
A3: Source-based assessment. See Marking Notes for scope and partial-credit rules.
A5: Requirement | B5: Maximum | C5: Awarded | D5: Assessment
A6: Express Generator project | B6: 0.5 | C6: 0.5 | D6: Generator-style structure and matching student ID.
A7: Supplier CRUD operations | B7: 2.5 | C7: 2.5 | D7: All five supplier operations are implemented and wired.
A8: Supplier virtual population | B8: 1 | C8: 1 | D8: products virtual and population are implemented.
A9: Category filter | B9: 0.5 | C9: 0.5 | D9: Category filter is implemented.
A10: Minimum/maximum price filter | B10: 0.5 | C10: 0.5 | D10: Minimum and maximum price filters work together.
A11: Tags filter | B11: 0.5 | C11: 0.5 | D11: Tags filtering is implemented.
A12: Product-name search | B12: 0.5 | C12: 0.5 | D12: Case-insensitive product-name search is implemented.
A13: Sort by price | B13: 0.5 | C13: 0.5 | D13: Ascending and descending price sorting are implemented.
A14: Pagination; default limit 3 | B14: 1.5 | C14: 1.5 | D14: Page/limit pagination is implemented; default limit is 3.
A15: Product details with supplier name | B15: 0.5 | C15: 0.5 | D15: Product details populate the supplier name.
A16: Create product | B16: 0.5 | C16: 0.5 | D16: Product creation includes a supplier reference.
A17: Update product | B17: 0.5 | C17: 0.5 | D17: Product update by ID is implemented.
A18: Delete product | B18: 0.5 | C18: 0.5 | D18: Product deletion by ID is implemented.
A19: Total | B19: =SUM(B6:B18) -> 10 | C19: =SUM(C6:C18) -> 10
A21: Review notes | D21: Tags filtering supports one tag value; multi-tag syntax is not specified by the rubric. Sorting uses sort.

Sheet SE184426
A2: SE184426 - Lab01 | D2: Huynh Tuan Hoang (K18 HCM)
A3: Source-based assessment. See Marking Notes for scope and partial-credit rules.
A5: Requirement | B5: Maximum | C5: Awarded | D5: Assessment
A6: Express Generator project | B6: 0.5 | C6: 0.5 | D6: Generator-style structure and matching student ID.
A7: Supplier CRUD operations | B7: 2.5 | C7: 2.5 | D7: All five supplier operations are implemented and wired.
A8: Supplier virtual population | B8: 1 | C8: 1 | D8: products virtual and population are implemented.
A9: Category filter | B9: 0.5 | C9: 0.5 | D9: Category filter is implemented.
A10: Minimum/maximum price filter | B10: 0.5 | C10: 0.5 | D10: Minimum and maximum price filters work together.
A11: Tags filter | B11: 0.5 | C11: 0.5 | D11: Tags filtering is implemented.
A12: Product-name search | B12: 0.5 | C12: 0.5 | D12: Case-insensitive product-name search is implemented.
A13: Sort by price | B13: 0.5 | C13: 0.5 | D13: Ascending and descending price sorting are implemented.
A14: Pagination; default limit 3 | B14: 1.5 | C14: 1.5 | D14: Page/limit pagination is implemented; default limit is 3.
A15: Product details with supplier name | B15: 0.5 | C15: 0.5 | D15: Product details populate the supplier name.
A16: Create product | B16: 0.5 | C16: 0.5 | D16: Product creation includes a supplier reference.
A17: Update product | B17: 0.5 | C17: 0.5 | D17: Product update by ID is implemented.
A18: Delete product | B18: 0.5 | C18: 0.5 | D18: Product deletion by ID is implemented.
A19: Total | B19: =SUM(B6:B18) -> 10 | C19: =SUM(C6:C18) -> 10
A21: Review notes | D21: Import script refers to a local Windows path; imported database was not verified.

Sheet SE190024
A2: SE190024 - Lab01 | D2: Tam Tran Binh
A3: Source-based assessment. See Marking Notes for scope and partial-credit rules.
A5: Requirement | B5: Maximum | C5: Awarded | D5: Assessment
A6: Express Generator project | B6: 0.5 | C6: 0.5 | D6: Generator-style structure and matching student ID.
A7: Supplier CRUD operations | B7: 2.5 | C7: 2.5 | D7: All five supplier operations are implemented and wired.
A8: Supplier virtual population | B8: 1 | C8: 1 | D8: products virtual and population are implemented.
A9: Category filter | B9: 0.5 | C9: 0.5 | D9: Category filter is implemented.
A10: Minimum/maximum price filter | B10: 0.5 | C10: 0.5 | D10: Minimum and maximum price filters work together.
A11: Tags filter | B11: 0.5 | C11: 0.5 | D11: Tags filtering is implemented.
A12: Product-name search | B12: 0.5 | C12: 0.5 | D12: Case-insensitive product-name search is implemented.
A13: Sort by price | B13: 0.5 | C13: 0.5 | D13: Ascending and descending price sorting are implemented.
A14: Pagination; default limit 3 | B14: 1.5 | C14: 1.5 | D14: Page/limit pagination is implemented; default limit is 3.
A15: Product details with supplier name | B15: 0.5 | C15: 0.5 | D15: Product details populate the supplier name.
A16: Create product | B16: 0.5 | C16: 0.5 | D16: Product creation includes a supplier reference.
A17: Update product | B17: 0.5 | C17: 0.5 | D17: Product update by ID is implemented.
A18: Delete product | B18: 0.5 | C18: 0.5 | D18: Product deletion by ID is implemented.
A19: Total | B19: =SUM(B6:B18) -> 10 | C19: =SUM(C6:C18) -> 10
A21: Review notes | D21: All rubric features are present in the submitted source.

Sheet SE190668
A2: SE190668 - Lab01 | D2: Anh Vo Tran The
A3: Source-based assessment. See Marking Notes for scope and partial-credit rules.
A5: Requirement | B5: Maximum | C5: Awarded | D5: Assessment
A6: Express Generator project | B6: 0.5 | C6: 0 | D6: Custom Express project without Generator scaffold; package name is my-app.
A7: Supplier CRUD operations | B7: 2.5 | C7: 2.5 | D7: All five supplier operations are implemented and wired.
A8: Supplier virtual population | B8: 1 | C8: 1 | D8: products virtual and population are implemented.
A9: Category filter | B9: 0.5 | C9: 0.5 | D9: Category filter is implemented.
A10: Minimum/maximum price filter | B10: 0.5 | C10: 0.5 | D10: Minimum and maximum price filters work together.
A11: Tags filter | B11: 0.5 | C11: 0.5 | D11: Tags filtering is implemented.
A12: Product-name search | B12: 0.5 | C12: 0.5 | D12: Case-insensitive product-name search is implemented.
A13: Sort by price | B13: 0.5 | C13: 0.5 | D13: Ascending and descending price sorting are implemented.
A14: Pagination; default limit 3 | B14: 1.5 | C14: 1.5 | D14: Page/limit pagination is implemented; default limit is 3.
A15: Product details with supplier name | B15: 0.5 | C15: 0.5 | D15: Product details populate the supplier name.
A16: Create product | B16: 0.5 | C16: 0.5 | D16: Product creation includes a supplier reference.
A17: Update product | B17: 0.5 | C17: 0.5 | D17: Product update by ID is implemented.
A18: Delete product | B18: 0.5 | C18: 0 | D18: Product delete route/controller/service is missing.
A19: Total | B19: =SUM(B6:B18) -> 10 | C19: =SUM(C6:C18) -> 9
A21: Review notes | D21: Models target Products/Suppliers rather than lowercase collections; verify imported collection names. Updates use PATCH; sorting uses sortBy=price with order.

Sheet SE190703
A2: SE190703 - Lab01 | D2: Gam Tran Thi Hong
A3: Source-based assessment. See Marking Notes for scope and partial-credit rules.
A5: Requirement | B5: Maximum | C5: Awarded | D5: Assessment
A6: Express Generator project | B6: 0.5 | C6: 0.5 | D6: Generator-style structure and matching student ID.
A7: Supplier CRUD operations | B7: 2.5 | C7: 2 | D7: Supplier CRUD exists, but schema omits email, so create/update discard it (0.25 deducted each).
A8: Supplier virtual population | B8: 1 | C8: 1 | D8: products virtual and population are implemented.
A9: Category filter | B9: 0.5 | C9: 0.5 | D9: Category filter is implemented.
A10: Minimum/maximum price filter | B10: 0.5 | C10: 0.5 | D10: Minimum and maximum price filters work together.
A11: Tags filter | B11: 0.5 | C11: 0.5 | D11: Tags filtering is implemented.
A12: Product-name search | B12: 0.5 | C12: 0.5 | D12: Case-insensitive product-name search is implemented.
A13: Sort by price | B13: 0.5 | C13: 0.5 | D13: Ascending and descending price sorting are implemented.
A14: Pagination; default limit 3 | B14: 1.5 | C14: 1.5 | D14: Page/limit pagination is implemented; default limit is 3.
A15: Product details with supplier name | B15: 0.5 | C15: 0.5 | D15: Product details populate the supplier name.
A16: Create product | B16: 0.5 | C16: 0.25 | D16: Product creation ignores stock/isActive; both fields are also missing from the schema.
A17: Update product | B17: 0.5 | C17: 0.25 | D17: Product update cannot persist stock/isActive because the schema omits them.
A18: Delete product | B18: 0.5 | C18: 0.5 | D18: Product deletion by ID is implemented.
A19: Total | B19: =SUM(B6:B18) -> 10 | C19: =SUM(C6:C18) -> 9
A21: Review notes | D21: Supplier phone is Number, which can lose leading zeroes. No extra deduction beyond incomplete supplier writes.

Sheet SE192211
A2: SE192211 - Lab01 | D2: Khoa Pham Dang
A3: Source-based assessment. See Marking Notes for scope and partial-credit rules.
A5: Requirement | B5: Maximum | C5: Awarded | D5: Assessment
A6: Express Generator project | B6: 0.5 | C6: 0.5 | D6: Generator-style structure and matching student ID.
A7: Supplier CRUD operations | B7: 2.5 | C7: 2 | D7: All five supplier operations exist, but Supplier schema omits email, so create/update discard it (0.25 deducted each).
A8: Supplier virtual population | B8: 1 | C8: 1 | D8: products virtual and population are implemented.
A9: Category filter | B9: 0.5 | C9: 0.5 | D9: Category filter is implemented.
A10: Minimum/maximum price filter | B10: 0.5 | C10: 0.5 | D10: Minimum and maximum price filters work together.
A11: Tags filter | B11: 0.5 | C11: 0.5 | D11: Tags filtering is implemented.
A12: Product-name search | B12: 0.5 | C12: 0.5 | D12: Case-insensitive product-name search is implemented.
A13: Sort by price | B13: 0.5 | C13: 0.5 | D13: Ascending and descending price sorting are implemented.
A14: Pagination; default limit 3 | B14: 1.5 | C14: 1.5 | D14: Page/limit pagination is implemented; default limit is 3.
A15: Product details with supplier name | B15: 0.5 | C15: 0.5 | D15: Product details populate the supplier name.
A16: Create product | B16: 0.5 | C16: 0.5 | D16: Product creation includes a supplier reference.
A17: Update product | B17: 0.5 | C17: 0.5 | D17: Product update by ID is implemented.
A18: Delete product | B18: 0.5 | C18: 0.5 | D18: Product deletion by ID is implemented.
A19: Total | B19: =SUM(B6:B18) -> 10 | C19: =SUM(C6:C18) -> 9.5
A21: Review notes | D21: Supplier schema has address instead of email.

Sheet SE192324
A2: SE192324 - Lab01 | D2: Anh Nguyen Chau Nhat
A3: Source-based assessment. See Marking Notes for scope and partial-credit rules.
A5: Requirement | B5: Maximum | C5: Awarded | D5: Assessment
A6: Express Generator project | B6: 0.5 | C6: 0.5 | D6: Generator-style structure and matching student ID.
A7: Supplier CRUD operations | B7: 2.5 | C7: 2 | D7: All five routes exist. Supplier schema omits email and phone, so create/update discard these fields (0.25 deducted each).
A8: Supplier virtual population | B8: 1 | C8: 1 | D8: products virtual and population are implemented.
A9: Category filter | B9: 0.5 | C9: 0.5 | D9: Category filter is implemented.
A10: Minimum/maximum price filter | B10: 0.5 | C10: 0 | D10: Price-range filter missing.
A11: Tags filter | B11: 0.5 | C11: 0 | D11: Tags filter missing.
A12: Product-name search | B12: 0.5 | C12: 0 | D12: Product-name search missing.
A13: Sort by price | B13: 0.5 | C13: 0 | D13: Price sorting missing.
A14: Pagination; default limit 3 | B14: 1.5 | C14: 1.5 | D14: Page/limit pagination is implemented; default limit is 3.
A15: Product details with supplier name | B15: 0.5 | C15: 0.5 | D15: Product details populate the supplier name.
A16: Create product | B16: 0.5 | C16: 0.25 | D16: Product creation exists, but the schema omits stock and isActive.
A17: Update product | B17: 0.5 | C17: 0.25 | D17: Product update exists, but the schema omits stock and isActive.
A18: Delete product | B18: 0.5 | C18: 0.5 | D18: Product deletion by ID is implemented.
A19: Total | B19: =SUM(B6:B18) -> 10 | C19: =SUM(C6:C18) -> 7
A21: Review notes | D21: Supplier schema uses contact instead of email/phone. Product schema omits stock/isActive.

Sheet SE192966
A2: SE192966 - Lab01 | D2: Quang Trinh Nhat
A3: Source-based assessment. See Marking Notes for scope and partial-credit rules.
A5: Requirement | B5: Maximum | C5: Awarded | D5: Assessment
A6: Express Generator project | B6: 0.5 | C6: 0.5 | D6: Generator-style structure and matching student ID.
A7: Supplier CRUD operations | B7: 2.5 | C7: 2.5 | D7: All five supplier operations are implemented and wired.
A8: Supplier virtual population | B8: 1 | C8: 1 | D8: products virtual and population are implemented.
A9: Category filter | B9: 0.5 | C9: 0.5 | D9: Category filter is implemented.
A10: Minimum/maximum price filter | B10: 0.5 | C10: 0.5 | D10: Minimum and maximum price filters work together.
A11: Tags filter | B11: 0.5 | C11: 0.5 | D11: Tags filtering is implemented.
A12: Product-name search | B12: 0.5 | C12: 0.5 | D12: Case-insensitive product-name search is implemented.
A13: Sort by price | B13: 0.5 | C13: 0.5 | D13: Ascending and descending price sorting are implemented.
A14: Pagination; default limit 3 | B14: 1.5 | C14: 1.5 | D14: Page/limit pagination is implemented; default limit is 3.
A15: Product details with supplier name | B15: 0.5 | C15: 0.5 | D15: Product details populate the supplier name.
A16: Create product | B16: 0.5 | C16: 0.5 | D16: Product creation includes a supplier reference.
A17: Update product | B17: 0.5 | C17: 0.5 | D17: Product update by ID is implemented.
A18: Delete product | B18: 0.5 | C18: 0.5 | D18: Product deletion by ID is implemented.
A19: Total | B19: =SUM(B6:B18) -> 10 | C19: =SUM(C6:C18) -> 10
A21: Review notes | D21: All rubric features are present in the submitted source.

Sheet SE193254
A2: SE193254 - Lab01 | D2: Thang Phan Van Ngoc
A3: Source-based assessment. See Marking Notes for scope and partial-credit rules.
A5: Requirement | B5: Maximum | C5: Awarded | D5: Assessment
A6: Express Generator project | B6: 0.5 | C6: 0 | D6: Custom Express project without Generator scaffold; package name is my-app.
A7: Supplier CRUD operations | B7: 2.5 | C7: 2.5 | D7: All five supplier operations are implemented and wired.
A8: Supplier virtual population | B8: 1 | C8: 1 | D8: products virtual and population are implemented.
A9: Category filter | B9: 0.5 | C9: 0.5 | D9: Category filter is implemented.
A10: Minimum/maximum price filter | B10: 0.5 | C10: 0.5 | D10: Minimum and maximum price filters work together.
A11: Tags filter | B11: 0.5 | C11: 0.5 | D11: Tags filtering is implemented.
A12: Product-name search | B12: 0.5 | C12: 0.5 | D12: Case-insensitive product-name search is implemented.
A13: Sort by price | B13: 0.5 | C13: 0.5 | D13: Ascending and descending price sorting are implemented.
A14: Pagination; default limit 3 | B14: 1.5 | C14: 1.5 | D14: Page/limit pagination is implemented; default limit is 3.
A15: Product details with supplier name | B15: 0.5 | C15: 0.5 | D15: Product details populate the supplier name.
A16: Create product | B16: 0.5 | C16: 0.5 | D16: Product creation includes a supplier reference.
A17: Update product | B17: 0.5 | C17: 0.5 | D17: Product update by ID is implemented.
A18: Delete product | B18: 0.5 | C18: 0 | D18: Product delete route/controller/service is missing.
A19: Total | B19: =SUM(B6:B18) -> 10 | C19: =SUM(C6:C18) -> 9
A21: Review notes | D21: Models target Products/Suppliers rather than lowercase collections; verify imported collection names. Updates use PATCH; sorting uses sortBy=price with order.

Sheet SE194171
A2: SE194171 - Lab01 | D2: Khai Nguyen Manh
A3: Source-based assessment. See Marking Notes for scope and partial-credit rules.
A5: Requirement | B5: Maximum | C5: Awarded | D5: Assessment
A6: Express Generator project | B6: 0.5 | C6: 0.5 | D6: Generator-style structure and matching student ID.
A7: Supplier CRUD operations | B7: 2.5 | C7: 2.5 | D7: All five supplier operations are implemented and wired.
A8: Supplier virtual population | B8: 1 | C8: 1 | D8: products virtual and population are implemented.
A9: Category filter | B9: 0.5 | C9: 0.5 | D9: Category filter is implemented.
A10: Minimum/maximum price filter | B10: 0.5 | C10: 0.5 | D10: Minimum and maximum price filters work together.
A11: Tags filter | B11: 0.5 | C11: 0.5 | D11: Tags filtering is implemented.
A12: Product-name search | B12: 0.5 | C12: 0.5 | D12: Case-insensitive product-name search is implemented.
A13: Sort by price | B13: 0.5 | C13: 0.5 | D13: Ascending and descending price sorting are implemented.
A14: Pagination; default limit 3 | B14: 1.5 | C14: 1.5 | D14: Page/limit pagination is implemented; default limit is 3.
A15: Product details with supplier name | B15: 0.5 | C15: 0.5 | D15: Product details populate the supplier name.
A16: Create product | B16: 0.5 | C16: 0.5 | D16: Product creation includes a supplier reference.
A17: Update product | B17: 0.5 | C17: 0.5 | D17: Product update by ID is implemented.
A18: Delete product | B18: 0.5 | C18: 0.5 | D18: Product deletion by ID is implemented.
A19: Total | B19: =SUM(B6:B18) -> 10 | C19: =SUM(C6:C18) -> 10
A21: Review notes | D21: All rubric features are present in the submitted source.

Sheet SE194229
A2: SE194229 - Lab01 | D2: Sang Tran Minh
A3: Source-based assessment. See Marking Notes for scope and partial-credit rules.
A5: Requirement | B5: Maximum | C5: Awarded | D5: Assessment
A6: Express Generator project | B6: 0.5 | C6: 0.5 | D6: Generator-style structure and matching student ID.
A7: Supplier CRUD operations | B7: 2.5 | C7: 1.25 | D7: Supplier schema uses typed instead of type for phone and fails to initialize. Create uses res.json(201).json(...); delete query is not awaited. Half credit for existing CRUD logic.
A8: Supplier virtual population | B8: 1 | C8: 0.5 | D8: Virtual definition and populate call exist, but schema initialization fails and Product is not registered by the mounted app (half credit).
A9: Category filter | B9: 0.5 | C9: 0.25 | D9: Category filter exists, but product router is neither exported nor mounted (half credit).
A10: Minimum/maximum price filter | B10: 0.5 | C10: 0.25 | D10: Price filters exist, but product router is neither exported nor mounted (half credit).
A11: Tags filter | B11: 0.5 | C11: 0.25 | D11: Tags filter exists, but product router is neither exported nor mounted (half credit).
A12: Product-name search | B12: 0.5 | C12: 0.25 | D12: Name search exists, but product router is neither exported nor mounted (half credit).
A13: Sort by price | B13: 0.5 | C13: 0.25 | D13: Price sort exists, but product router is neither exported nor mounted (half credit).
A14: Pagination; default limit 3 | B14: 1.5 | C14: 0.75 | D14: Pagination/default limit 3 exists, but product router is neither exported nor mounted (half credit).
A15: Product details with supplier name | B15: 0.5 | C15: 0.25 | D15: Details/population code exists, but product router is neither exported nor mounted (half credit).
A16: Create product | B16: 0.5 | C16: 0.25 | D16: Creation code exists, but product router is neither exported nor mounted (half credit).
A17: Update product | B17: 0.5 | C17: 0.25 | D17: Update code exists, but product router is neither exported nor mounted (half credit).
A18: Delete product | B18: 0.5 | C18: 0 | D18: Product deletion is missing.
A19: Total | B19: =SUM(B6:B18) -> 10 | C19: =SUM(C6:C18) -> 5
A21: Review notes | D21: Uses MONGO_URI rather than MONGODB_URI. Fix Supplier schema, router export/mount, response chaining and awaited deletion.

Sheet SE194776
A2: SE194776 - Lab01 | D2: Anh Truong Ngoc Tuan
A3: Source-based assessment. See Marking Notes for scope and partial-credit rules.
A5: Requirement | B5: Maximum | C5: Awarded | D5: Assessment
A6: Express Generator project | B6: 0.5 | C6: 0.5 | D6: Generator-style structure and matching student ID.
A7: Supplier CRUD operations | B7: 2.5 | C7: 2.5 | D7: All five supplier operations are implemented and wired.
A8: Supplier virtual population | B8: 1 | C8: 1 | D8: products virtual and population are implemented.
A9: Category filter | B9: 0.5 | C9: 0.5 | D9: Category filter is implemented.
A10: Minimum/maximum price filter | B10: 0.5 | C10: 0.5 | D10: Minimum and maximum price filters work together.
A11: Tags filter | B11: 0.5 | C11: 0.5 | D11: Tags filtering is implemented.
A12: Product-name search | B12: 0.5 | C12: 0.5 | D12: Case-insensitive product-name search is implemented.
A13: Sort by price | B13: 0.5 | C13: 0.5 | D13: Ascending and descending price sorting are implemented.
A14: Pagination; default limit 3 | B14: 1.5 | C14: 1.5 | D14: Page/limit pagination is implemented; default limit is 3.
A15: Product details with supplier name | B15: 0.5 | C15: 0.5 | D15: Product details populate the supplier name.
A16: Create product | B16: 0.5 | C16: 0.25 | D16: POST omits required stock, so validation rejects creation even if stock was submitted. isActive is also ignored. Half credit for creation logic.
A17: Update product | B17: 0.5 | C17: 0.5 | D17: Product update by ID is implemented.
A18: Delete product | B18: 0.5 | C18: 0.5 | D18: Product deletion by ID is implemented.
A19: Total | B19: =SUM(B6:B18) -> 10 | C19: =SUM(C6:C18) -> 9.75
A21: Review notes | D21: Product create handler needs stock and isActive included in its payload.

Sheet SE196211
A2: SE196211 - Lab01 | D2: Kha Thai Cong
A3: Source-based assessment. See Marking Notes for scope and partial-credit rules.
A5: Requirement | B5: Maximum | C5: Awarded | D5: Assessment
A6: Express Generator project | B6: 0.5 | C6: 0.5 | D6: Generator-style structure and matching student ID.
A7: Supplier CRUD operations | B7: 2.5 | C7: 2.5 | D7: All five supplier operations are implemented and wired.
A8: Supplier virtual population | B8: 1 | C8: 1 | D8: products virtual and population are implemented.
A9: Category filter | B9: 0.5 | C9: 0.5 | D9: Category filter is implemented.
A10: Minimum/maximum price filter | B10: 0.5 | C10: 0.5 | D10: Minimum and maximum price filters work together.
A11: Tags filter | B11: 0.5 | C11: 0.5 | D11: Tags filtering is implemented.
A12: Product-name search | B12: 0.5 | C12: 0.5 | D12: Case-insensitive product-name search is implemented.
A13: Sort by price | B13: 0.5 | C13: 0.5 | D13: Ascending and descending price sorting are implemented.
A14: Pagination; default limit 3 | B14: 1.5 | C14: 1.5 | D14: Page/limit pagination is implemented; default limit is 3.
A15: Product details with supplier name | B15: 0.5 | C15: 0.5 | D15: Product details populate the supplier name.
A16: Create product | B16: 0.5 | C16: 0.5 | D16: Product creation includes a supplier reference.
A17: Update product | B17: 0.5 | C17: 0.5 | D17: Product update by ID is implemented.
A18: Delete product | B18: 0.5 | C18: 0.5 | D18: Product deletion by ID is implemented.
A19: Total | B19: =SUM(B6:B18) -> 10 | C19: =SUM(C6:C18) -> 10
A21: Review notes | D21: Sorting uses sortBy=price with order=desc, or sort=-price.

Sheet SE196429
A2: SE196429 - Lab01 | D2: Trinh Dao Thi Ut
A3: Source-based assessment. See Marking Notes for scope and partial-credit rules.
A5: Requirement | B5: Maximum | C5: Awarded | D5: Assessment
A6: Express Generator project | B6: 0.5 | C6: 0.25 | D6: Express Generator scaffold exists, but package name is lab1.
A7: Supplier CRUD operations | B7: 2.5 | C7: 2.5 | D7: All five supplier operations are implemented and wired.
A8: Supplier virtual population | B8: 1 | C8: 1 | D8: products virtual and population are implemented.
A9: Category filter | B9: 0.5 | C9: 0.5 | D9: Category filter is implemented.
A10: Minimum/maximum price filter | B10: 0.5 | C10: 0.5 | D10: Minimum and maximum price filters work together.
A11: Tags filter | B11: 0.5 | C11: 0.5 | D11: Tags filtering is implemented.
A12: Product-name search | B12: 0.5 | C12: 0.5 | D12: Case-insensitive product-name search is implemented.
A13: Sort by price | B13: 0.5 | C13: 0.5 | D13: Ascending and descending price sorting are implemented.
A14: Pagination; default limit 3 | B14: 1.5 | C14: 1.5 | D14: Page/limit pagination is implemented; default limit is 3.
A15: Product details with supplier name | B15: 0.5 | C15: 0.5 | D15: Product details populate the supplier name.
A16: Create product | B16: 0.5 | C16: 0.5 | D16: Product creation includes a supplier reference.
A17: Update product | B17: 0.5 | C17: 0.5 | D17: Product update by ID is implemented.
A18: Delete product | B18: 0.5 | C18: 0.5 | D18: Product deletion by ID is implemented.
A19: Total | B19: =SUM(B6:B18) -> 10 | C19: =SUM(C6:C18) -> 9.75
A21: Review notes | D21: Models explicitly target Products and Suppliers, not the specified lowercase collections. Uses MONGO_URI instead of MONGODB_URI; verify collection names before live marking. Price filtering requires both bounds; the stated two-bound requirement is met.

Sheet SE196600
A2: SE196600 - Lab01 | D2: Hung Le Tan
A3: Source-based assessment. See Marking Notes for scope and partial-credit rules.
A5: Requirement | B5: Maximum | C5: Awarded | D5: Assessment
A6: Express Generator project | B6: 0.5 | C6: 0.5 | D6: Generator-style structure and matching student ID.
A7: Supplier CRUD operations | B7: 2.5 | C7: 2.5 | D7: All five supplier operations are implemented and wired.
A8: Supplier virtual population | B8: 1 | C8: 1 | D8: products virtual and population are implemented.
A9: Category filter | B9: 0.5 | C9: 0.5 | D9: Category filter is implemented.
A10: Minimum/maximum price filter | B10: 0.5 | C10: 0.5 | D10: Minimum and maximum price filters work together.
A11: Tags filter | B11: 0.5 | C11: 0.5 | D11: Tags filtering is implemented.
A12: Product-name search | B12: 0.5 | C12: 0.5 | D12: Case-insensitive product-name search is implemented.
A13: Sort by price | B13: 0.5 | C13: 0.5 | D13: Ascending and descending price sorting are implemented.
A14: Pagination; default limit 3 | B14: 1.5 | C14: 1.5 | D14: Page/limit pagination is implemented; default limit is 3.
A15: Product details with supplier name | B15: 0.5 | C15: 0.5 | D15: Product details populate the supplier name.
A16: Create product | B16: 0.5 | C16: 0 | D16: No product POST route.
A17: Update product | B17: 0.5 | C17: 0 | D17: No product update route.
A18: Delete product | B18: 0.5 | C18: 0 | D18: No product DELETE route.
A19: Total | B19: =SUM(B6:B18) -> 10 | C19: =SUM(C6:C18) -> 8.5
A21: Review notes | D21: Product routes provide list and details only.
